name,stars,forks,language,created_at,open_issues
1590A,546,21,OpenSCAD,2025-03-01T04:36:29Z,0
AudioNoise,4262,200,C,2026-01-09T02:33:29Z,30
GuitarPedal,1795,63,C,2025-09-17T01:01:29Z,0
HunspellColorize,310,12,C,2026-01-18T19:57:03Z,3
libdc-for-dirk,375,51,C,2017-01-17T00:25:49Z,1
libgit2,339,25,C,2022-07-30T03:30:56Z,1
linux,220190,60700,C,2011-09-04T22:48:12Z,3
pesconvert,550,73,C,2017-12-04T21:58:56Z,6
subsurface-for-dirk,439,67,C++,2017-01-11T18:03:01Z,2
test-tlb,949,215,C,2017-03-24T20:06:37Z,13
uemacs,1913,300,C,2018-01-17T22:32:21Z,11
