id,source_type,records_collected,status,error_message,timestamp
1,database,3,success,,2026-03-09 01:40:57
2,api,25,success,,2026-03-09 01:41:41
3,web,1,success,,2026-03-09 01:42:13
4,web,1,success,,2026-03-09 01:42:13
5,web,1,success,,2026-03-09 01:42:14
6,web,1,success,,2026-03-09 01:42:14
7,web,1,success,,2026-03-09 01:42:14
8,web,1,success,,2026-03-09 01:42:14
9,web,1,success,,2026-03-09 01:42:14
10,web,1,success,,2026-03-09 01:42:14
11,web,1,success,,2026-03-09 01:42:14
12,web,1,success,,2026-03-09 01:42:14
13,web,1,success,,2026-03-09 01:42:14
14,web,1,success,,2026-03-09 01:42:14
15,web,1,success,,2026-03-09 01:42:14
16,web,1,success,,2026-03-09 01:42:14
17,web,1,success,,2026-03-09 01:42:14
18,web,1,success,,2026-03-09 01:42:14
19,web,1,success,,2026-03-09 01:42:15
20,web,1,success,,2026-03-09 01:42:15
21,web,1,success,,2026-03-09 01:42:15
22,web,1,success,,2026-03-09 01:42:15
23,web,1,success,,2026-03-09 01:42:15
24,web,1,success,,2026-03-09 01:42:15
25,web,1,success,,2026-03-09 01:42:15
26,web,1,success,,2026-03-09 01:42:15
27,web,1,success,,2026-03-09 01:42:15
28,web,1,success,,2026-03-09 01:42:15
29,web,1,success,,2026-03-09 01:42:15
30,web,1,success,,2026-03-09 01:42:15
31,web,1,success,,2026-03-09 01:42:16
32,web,1,success,,2026-03-09 01:42:16
33,web,1,success,,2026-03-09 01:42:16
34,web,1,success,,2026-03-09 01:42:16
35,web,1,success,,2026-03-09 01:42:16
36,web,1,success,,2026-03-09 01:42:16
37,web,1,success,,2026-03-09 01:42:16
38,web,1,success,,2026-03-09 01:42:16
39,web,1,success,,2026-03-09 01:42:16
40,web,1,success,,2026-03-09 01:42:16
41,web,1,success,,2026-03-09 01:42:16
42,web,1,success,,2026-03-09 01:42:16
43,web,1,success,,2026-03-09 01:42:16
44,web,1,success,,2026-03-09 01:42:16
45,web,1,success,,2026-03-09 01:42:17
46,web,1,success,,2026-03-09 01:42:17
47,web,1,success,,2026-03-09 01:42:17
48,web,1,success,,2026-03-09 01:42:17
49,web,1,success,,2026-03-09 01:42:17
50,web,1,success,,2026-03-09 01:42:17
51,web,1,success,,2026-03-09 01:42:17
52,web,1,success,,2026-03-09 01:42:17
53,web,1,success,,2026-03-09 01:42:17
54,web,1,success,,2026-03-09 01:42:17
55,web,1,success,,2026-03-09 01:42:17
56,web,1,success,,2026-03-09 01:42:17
57,web,1,success,,2026-03-09 01:42:17
58,web,1,success,,2026-03-09 01:42:17
59,web,1,success,,2026-03-09 01:42:18
60,web,1,success,,2026-03-09 01:42:18
61,web,1,success,,2026-03-09 01:42:18
62,web,1,success,,2026-03-09 01:42:18
63,web,1,success,,2026-03-09 01:42:18
64,web,1,success,,2026-03-09 01:42:18
65,web,1,success,,2026-03-09 01:42:18
66,web,1,success,,2026-03-09 01:42:18
67,web,1,success,,2026-03-09 01:42:18
68,web,1,success,,2026-03-09 01:42:18
69,web,1,success,,2026-03-09 01:42:18
70,web,1,success,,2026-03-09 01:42:18
71,web,1,success,,2026-03-09 01:42:18
72,web,1,success,,2026-03-09 01:42:19
73,web,1,success,,2026-03-09 01:42:19
74,web,1,success,,2026-03-09 01:42:19
75,web,1,success,,2026-03-09 01:42:19
76,web,1,success,,2026-03-09 01:42:19
77,web,1,success,,2026-03-09 01:42:19
78,web,1,success,,2026-03-09 01:42:19
79,web,1,success,,2026-03-09 01:42:19
80,web,1,success,,2026-03-09 01:42:19
81,web,1,success,,2026-03-09 01:42:19
82,web,1,success,,2026-03-09 01:42:19
83,web,1,success,,2026-03-09 01:42:19
84,web,1,success,,2026-03-09 01:42:19
85,web,1,success,,2026-03-09 01:42:20
86,web,1,success,,2026-03-09 01:42:20
87,web,1,success,,2026-03-09 01:42:20
88,web,1,success,,2026-03-09 01:42:20
89,web,1,success,,2026-03-09 01:42:20
90,web,1,success,,2026-03-09 01:42:20
91,web,1,success,,2026-03-09 01:42:20
92,web,1,success,,2026-03-09 01:42:20
93,web,1,success,,2026-03-09 01:42:20
94,web,1,success,,2026-03-09 01:42:20
95,web,1,success,,2026-03-09 01:42:20
96,web,1,success,,2026-03-09 01:42:20
97,web,1,success,,2026-03-09 01:42:21
98,web,1,success,,2026-03-09 01:42:21
99,web,1,success,,2026-03-09 01:42:21
100,web,1,success,,2026-03-09 01:42:21
101,web,1,success,,2026-03-09 01:42:21
102,web,1,success,,2026-03-09 01:42:21
103,web,1,success,,2026-03-09 01:42:21
104,web,1,success,,2026-03-09 01:42:21
105,web,1,success,,2026-03-09 01:42:21
106,web,1,success,,2026-03-09 01:42:21
107,web,1,success,,2026-03-09 01:42:21
108,web,1,success,,2026-03-09 01:42:21
109,web,1,success,,2026-03-09 01:42:21
110,web,1,success,,2026-03-09 01:42:22
111,web,1,success,,2026-03-09 01:42:22
112,web,1,success,,2026-03-09 01:42:22
113,web,1,success,,2026-03-09 01:42:22
114,web,1,success,,2026-03-09 01:42:22
115,web,1,success,,2026-03-09 01:42:22
116,web,1,success,,2026-03-09 01:42:22
117,web,1,success,,2026-03-09 01:42:22
118,web,1,success,,2026-03-09 01:42:22
119,web,1,success,,2026-03-09 01:42:22
120,web,1,success,,2026-03-09 01:42:22
121,web,1,success,,2026-03-09 01:42:23
122,web,1,success,,2026-03-09 01:42:23
123,web,1,success,,2026-03-09 01:42:23
124,web,1,success,,2026-03-09 01:42:23
125,web,1,success,,2026-03-09 01:42:23
126,web,1,success,,2026-03-09 01:42:23
127,web,1,success,,2026-03-09 01:42:23
128,web,1,success,,2026-03-09 01:42:23
129,web,1,success,,2026-03-09 01:42:23
130,web,1,success,,2026-03-09 01:42:23
131,web,1,success,,2026-03-09 01:42:23
132,web,1,success,,2026-03-09 01:42:23
133,web,1,success,,2026-03-09 01:42:23
134,web,1,success,,2026-03-09 01:42:24
135,web,1,success,,2026-03-09 01:42:24
136,web,1,success,,2026-03-09 01:42:24
137,web,1,success,,2026-03-09 01:42:24
138,web,1,success,,2026-03-09 01:42:24
139,web,1,success,,2026-03-09 01:42:24
140,web,1,success,,2026-03-09 01:42:24
141,web,1,success,,2026-03-09 01:42:24
142,web,1,success,,2026-03-09 01:42:24
143,web,1,success,,2026-03-09 01:42:24
144,web,1,success,,2026-03-09 01:42:24
145,web,1,success,,2026-03-09 01:42:24
146,web,1,success,,2026-03-09 01:42:24
147,web,1,success,,2026-03-09 01:42:24
148,web,1,success,,2026-03-09 01:42:25
149,web,1,success,,2026-03-09 01:42:25
150,web,1,success,,2026-03-09 01:42:25
151,web,1,success,,2026-03-09 01:42:25
152,web,1,success,,2026-03-09 01:42:25
153,web,1,success,,2026-03-09 01:42:25
154,web,1,success,,2026-03-09 01:42:25
155,web,1,success,,2026-03-09 01:42:25
156,web,1,success,,2026-03-09 01:42:25
157,web,1,success,,2026-03-09 01:42:25
158,web,1,success,,2026-03-09 01:42:25
159,web,1,success,,2026-03-09 01:42:25
160,web,1,success,,2026-03-09 01:42:25
161,web,1,success,,2026-03-09 01:42:26
162,web,1,success,,2026-03-09 01:42:26
